"STATION","NAME","LATITUDE","LONGITUDE","ELEVATION","DATE","PRCP","PRCP_ATTRIBUTES","TAVG","TAVG_ATTRIBUTES","TMAX","TMAX_ATTRIBUTES","TMIN","TMIN_ATTRIBUTES"
"IN001080500","BEGUMPET OBSERVATORY, IN","17.45","78.47","527.0","2021-01-01",,,"70","H,,S","80",",,S",,
"IN001080500","BEGUMPET OBSERVATORY, IN","17.45","78.47","527.0","2021-01-02",,,"71","H,,S",,,"62",",,S"
"IN001080500","BEGUMPET OBSERVATORY, IN","17.45","78.47","527.0","2021-01-03",,,"72","H,,S","82",",,S","62",",,S"
"IN001080500","BEGUMPET OBSERVATORY, IN","17.45","78.47","527.0","2021-01-04",,,"72","H,,S",,,"64",",,S"
"IN001080500","BEGUMPET OBSERVATORY, IN","17.45","78.47","527.0","2021-01-05",,,"76","H,,S",,,"66",",,S"
"IN001080500","BEGUMPET OBSERVATORY, IN","17.45","78.47","527.0","2021-01-06",,,"73","H,,S","86",",,S",,
"IN001080500","BEGUMPET OBSERVATORY, IN","17.45","78.47","527.0","2021-01-07","0.08",",,S","74","H,,S",,,"67",",,S"
"IN001080500","BEGUMPET OBSERVATORY, IN","17.45","78.47","527.0","2021-01-08","0.01",",,S","76","H,,S","86",",,S",,
"IN001080500","BEGUMPET OBSERVATORY, IN","17.45","78.47","527.0","2021-01-09","0.00",",,S","76","H,,S","86",",,S",,
"IN001080500","BEGUMPET OBSERVATORY, IN","17.45","78.47","527.0","2021-01-10",,,"77","H,,S",,,,
"IN001080500","BEGUMPET OBSERVATORY, IN","17.45","78.47","527.0","2021-01-11",,,"75","H,,S","86",",,S",,
"IN001080500","BEGUMPET OBSERVATORY, IN","17.45","78.47","527.0","2021-01-12",,,"76","H,,S","87",",,S","63",",,S"
"IN001080500","BEGUMPET OBSERVATORY, IN","17.45","78.47","527.0","2021-01-13",,,"77","H,,S","89",",,S","64",",,S"
"IN001080500","BEGUMPET OBSERVATORY, IN","17.45","78.47","527.0","2021-01-14",,,"76","H,,S","88",",,S","63",",,S"
"IN001080500","BEGUMPET OBSERVATORY, IN","17.45","78.47","527.0","2021-01-15",,,"76","H,,S","88",",,S",,
"IN001080500","BEGUMPET OBSERVATORY, IN","17.45","78.47","527.0","2021-01-16",,,"75","H,,S","85",",,S","64",",,S"
"IN001080500","BEGUMPET OBSERVATORY, IN","17.45","78.47","527.0","2021-01-17",,,"76","H,,S","86",",,S",,
"IN001080500","BEGUMPET OBSERVATORY, IN","17.45","78.47","527.0","2021-01-18",,,"75","H,,S","85",",,S",,
"IN001080500","BEGUMPET OBSERVATORY, IN","17.45","78.47","527.0","2021-01-19",,,"75","H,,S",,,"63",",,S"
"IN001080500","BEGUMPET OBSERVATORY, IN","17.45","78.47","527.0","2021-01-20",,,"75","H,,S",,,,
"IN001080500","BEGUMPET OBSERVATORY, IN","17.45","78.47","527.0","2021-01-21",,,"76","H,,S","91",",,S",,
"IN001080500","BEGUMPET OBSERVATORY, IN","17.45","78.47","527.0","2021-01-22",,,"76","H,,S","91",",,S",,
"IN001080500","BEGUMPET OBSERVATORY, IN","17.45","78.47","527.0","2021-01-23",,,"76","H,,S","90",",,S",,
"IN001080500","BEGUMPET OBSERVATORY, IN","17.45","78.47","527.0","2021-01-24",,,"78","H,,S","89",",,S",,
"IN001080500","BEGUMPET OBSERVATORY, IN","17.45","78.47","527.0","2021-01-25",,,"78","H,,S","91",",,S",,
"IN001080500","BEGUMPET OBSERVATORY, IN","17.45","78.47","527.0","2021-01-26",,,"78","H,,S","92",",,S",,
"IN001080500","BEGUMPET OBSERVATORY, IN","17.45","78.47","527.0","2021-01-27",,,"76","H,,S","92",",,S",,
"IN001080500","BEGUMPET OBSERVATORY, IN","17.45","78.47","527.0","2021-01-28",,,"76","H,,S","89",",,S",,
"IN001080500","BEGUMPET OBSERVATORY, IN","17.45","78.47","527.0","2021-01-29",,,"77","H,,S",,,,
"IN001080500","BEGUMPET OBSERVATORY, IN","17.45","78.47","527.0","2021-01-30",,,"76","H,,S","89",",,S",,
"IN001080500","BEGUMPET OBSERVATORY, IN","17.45","78.47","527.0","2021-01-31",,,"74","H,,S","89",",,S",,
"IN001080500","BEGUMPET OBSERVATORY, IN","17.45","78.47","527.0","2021-02-01",,,"73","H,,S","85",",,S",,
"IN001080500","BEGUMPET OBSERVATORY, IN","17.45","78.47","527.0","2021-02-02",,,"72","H,,S","85",",,S",,
"IN001080500","BEGUMPET OBSERVATORY, IN","17.45","78.47","527.0","2021-02-03",,,"73","H,,S","85",",,S",,
"IN001080500","BEGUMPET OBSERVATORY, IN","17.45","78.47","527.0","2021-02-04",,,"73","H,,S","86",",,S","57",",,S"
"IN001080500","BEGUMPET OBSERVATORY, IN","17.45","78.47","527.0","2021-02-05",,,"72","H,,S",,,,
"IN001080500","BEGUMPET OBSERVATORY, IN","17.45","78.47","527.0","2021-02-06",,,"74","H,,S","88",",,S",,
"IN001080500","BEGUMPET OBSERVATORY, IN","17.45","78.47","527.0","2021-02-07",,,"72","H,,S","88",",,S",,
"IN001080500","BEGUMPET OBSERVATORY, IN","17.45","78.47","527.0","2021-02-08",,,"72","H,,S","86",",,S",,
"IN001080500","BEGUMPET OBSERVATORY, IN","17.45","78.47","527.0","2021-02-09",,,"74","H,,S","86",",,S","58",",,S"
"IN001080500","BEGUMPET OBSERVATORY, IN","17.45","78.47","527.0","2021-02-10",,,"75","H,,S","89",",,S",,
"IN001080500","BEGUMPET OBSERVATORY, IN","17.45","78.47","527.0","2021-02-13",,,"76","H,,S",,,,
"IN001080500","BEGUMPET OBSERVATORY, IN","17.45","78.47","527.0","2021-02-14",,,"76","H,,S",,,,
"IN001080500","BEGUMPET OBSERVATORY, IN","17.45","78.47","527.0","2021-02-15",,,"79","H,,S",,,"67",",,S"
"IN001080500","BEGUMPET OBSERVATORY, IN","17.45","78.47","527.0","2021-02-16",,,"79","H,,S","92",",,S",,
"IN001080500","BEGUMPET OBSERVATORY, IN","17.45","78.47","527.0","2021-02-17",,,"76","H,,S","92",",,S",,
"IN001080500","BEGUMPET OBSERVATORY, IN","17.45","78.47","527.0","2021-02-18",,,"74","H,,S","90",",,S",,
"IN001080500","BEGUMPET OBSERVATORY, IN","17.45","78.47","527.0","2021-02-19","0.04",",,S","71","H,,S","85",",,S","65",",,S"
"IN001080500","BEGUMPET OBSERVATORY, IN","17.45","78.47","527.0","2021-02-21",,,"74","H,,S","82",",,S","66",",,S"
"IN001080500","BEGUMPET OBSERVATORY, IN","17.45","78.47","527.0","2021-02-22",,,"76","H,,S",,,,
"IN001080500","BEGUMPET OBSERVATORY, IN","17.45","78.47","527.0","2021-02-23",,,"77","H,,S",,,,
"IN001080500","BEGUMPET OBSERVATORY, IN","17.45","78.47","527.0","2021-02-24",,,"78","H,,S",,,,
"IN001080500","BEGUMPET OBSERVATORY, IN","17.45","78.47","527.0","2021-02-25",,,"80","H,,S","93",",,S",,
"IN001080500","BEGUMPET OBSERVATORY, IN","17.45","78.47","527.0","2021-02-26",,,"81","H,,S",,,,
"IN001080500","BEGUMPET OBSERVATORY, IN","17.45","78.47","527.0","2021-02-27",,,"82","H,,S","97",",,S",,
"IN001080500","BEGUMPET OBSERVATORY, IN","17.45","78.47","527.0","2021-02-28",,,"82","H,,S","96",",,S",,
"IN001080500","BEGUMPET OBSERVATORY, IN","17.45","78.47","527.0","2021-03-01",,,"83","H,,S","98",",,S",,
"IN001080500","BEGUMPET OBSERVATORY, IN","17.45","78.47","527.0","2021-03-02",,,"83","H,,S","98",",,S",,
"IN001080500","BEGUMPET OBSERVATORY, IN","17.45","78.47","527.0","2021-03-03",,,"82","H,,S","97",",,S","68",",,S"
"IN001080500","BEGUMPET OBSERVATORY, IN","17.45","78.47","527.0","2021-03-04",,,"82","H,,S","97",",,S",,
"IN001080500","BEGUMPET OBSERVATORY, IN","17.45","78.47","527.0","2021-03-05",,,"83","H,,S",,,"63",",,S"
"IN001080500","BEGUMPET OBSERVATORY, IN","17.45","78.47","527.0","2021-03-06",,,"83","H,,S",,,,
"IN001080500","BEGUMPET OBSERVATORY, IN","17.45","78.47","527.0","2021-03-07",,,"84","H,,S","99",",,S",,
"IN001080500","BEGUMPET OBSERVATORY, IN","17.45","78.47","527.0","2021-03-08",,,"83","H,,S","98",",,S",,
"IN001080500","BEGUMPET OBSERVATORY, IN","17.45","78.47","527.0","2021-03-09",,,"82","H,,S","96",",,S",,
"IN001080500","BEGUMPET OBSERVATORY, IN","17.45","78.47","527.0","2021-03-10",,,"82","H,,S","96",",,S",,
"IN001080500","BEGUMPET OBSERVATORY, IN","17.45","78.47","527.0","2021-03-11",,,"83","H,,S",,,,
"IN001080500","BEGUMPET OBSERVATORY, IN","17.45","78.47","527.0","2021-03-12",,,"83","H,,S","98",",,S",,
"IN001080500","BEGUMPET OBSERVATORY, IN","17.45","78.47","527.0","2021-03-13",,,"78","H,,S","96",",,S",,
"IN001080500","BEGUMPET OBSERVATORY, IN","17.45","78.47","527.0","2021-03-14",,,"82","H,,S",,,,
"IN001080500","BEGUMPET OBSERVATORY, IN","17.45","78.47","527.0","2021-03-15",,,"83","H,,S","96",",,S",,
"IN001080500","BEGUMPET OBSERVATORY, IN","17.45","78.47","527.0","2021-03-16",,,"84","H,,S",,,,
"IN001080500","BEGUMPET OBSERVATORY, IN","17.45","78.47","527.0","2021-03-17",,,"85","H,,S","98",",,S",,
"IN001080500","BEGUMPET OBSERVATORY, IN","17.45","78.47","527.0","2021-03-18",,,"85","H,,S","98",",,S",,
"IN001080500","BEGUMPET OBSERVATORY, IN","17.45","78.47","527.0","2021-03-19",,,"82","H,,S","97",",,S",,
"IN001080500","BEGUMPET OBSERVATORY, IN","17.45","78.47","527.0","2021-03-20",,,"82","H,,S","94",",,S","70",",,S"
"IN001080500","BEGUMPET OBSERVATORY, IN","17.45","78.47","527.0","2021-03-21",,,"82","H,,S","94",",,S",,
"IN001080500","BEGUMPET OBSERVATORY, IN","17.45","78.47","527.0","2021-03-22",,,"84","H,,S",,,,
"IN001080500","BEGUMPET OBSERVATORY, IN","17.45","78.47","527.0","2021-03-23",,,"84","H,,S","96",",,S",,
"IN001080500","BEGUMPET OBSERVATORY, IN","17.45","78.47","527.0","2021-03-24",,,"85","H,,S","96",",,S","75",",,S"
"IN001080500","BEGUMPET OBSERVATORY, IN","17.45","78.47","527.0","2021-03-25",,,"86","H,,S",,,,
"IN001080500","BEGUMPET OBSERVATORY, IN","17.45","78.47","527.0","2021-03-26",,,"85","H,,S","100",",,S",,
"IN001080500","BEGUMPET OBSERVATORY, IN","17.45","78.47","527.0","2021-03-27",,,"87","H,,S",,,,
"IN001080500","BEGUMPET OBSERVATORY, IN","17.45","78.47","527.0","2021-03-28",,,"88","H,,S","102",",,S",,
"IN001080500","BEGUMPET OBSERVATORY, IN","17.45","78.47","527.0","2021-03-29",,,"89","H,,S","102",",,S","73",",,S"
"IN001080500","BEGUMPET OBSERVATORY, IN","17.45","78.47","527.0","2021-03-30",,,"89","H,,S","103",",,S",,
"IN001080500","BEGUMPET OBSERVATORY, IN","17.45","78.47","527.0","2021-03-31",,,"87","H,,S","104",",,S",,
"IN001080500","BEGUMPET OBSERVATORY, IN","17.45","78.47","527.0","2021-04-01",,,"88","H,,S","104",",,S","72",",,S"
"IN001080500","BEGUMPET OBSERVATORY, IN","17.45","78.47","527.0","2021-04-02",,,"86","H,,S","102",",,S","74",",,S"
"IN001080500","BEGUMPET OBSERVATORY, IN","17.45","78.47","527.0","2021-04-03",,,"90","H,,S","103",",,S",,
"IN001080500","BEGUMPET OBSERVATORY, IN","17.45","78.47","527.0","2021-04-04",,,"87","H,,S","104",",,S",,
"IN001080500","BEGUMPET OBSERVATORY, IN","17.45","78.47","527.0","2021-04-05",,,"86","H,,S","101",",,S",,
"IN001080500","BEGUMPET OBSERVATORY, IN","17.45","78.47","527.0","2021-04-06",,,"88","H,,S",,,,
"IN001080500","BEGUMPET OBSERVATORY, IN","17.45","78.47","527.0","2021-04-07",,,"88","H,,S",,,,
"IN001080500","BEGUMPET OBSERVATORY, IN","17.45","78.47","527.0","2021-04-08","0.00",",,S","86","H,,S","101",",,S",,
"IN001080500","BEGUMPET OBSERVATORY, IN","17.45","78.47","527.0","2021-04-09",,,"86","H,,S","99",",,S",,
"IN001080500","BEGUMPET OBSERVATORY, IN","17.45","78.47","527.0","2021-04-10","0.00",",,S","85","H,,S","98",",,S","77",",,S"
"IN001080500","BEGUMPET OBSERVATORY, IN","17.45","78.47","527.0","2021-04-11",,,"84","H,,S","97",",,S",,
"IN001080500","BEGUMPET OBSERVATORY, IN","17.45","78.47","527.0","2021-04-12",,,"81","H,,S","95",",,S",,
"IN001080500","BEGUMPET OBSERVATORY, IN","17.45","78.47","527.0","2021-04-13",,,"85","H,,S","96",",,S",,
"IN001080500","BEGUMPET OBSERVATORY, IN","17.45","78.47","527.0","2021-04-14","0.24",",,S","80","H,,S","95",",,S",,
"IN001080500","BEGUMPET OBSERVATORY, IN","17.45","78.47","527.0","2021-04-15","0.00",",,S","82","H,,S",,,,
"IN001080500","BEGUMPET OBSERVATORY, IN","17.45","78.47","527.0","2021-04-16",,,"86","H,,S",,,,
"IN001080500","BEGUMPET OBSERVATORY, IN","17.45","78.47","527.0","2021-04-17",,,"87","H,,S","98",",,S",,
"IN001080500","BEGUMPET OBSERVATORY, IN","17.45","78.47","527.0","2021-04-18",,,"87","H,,S","99",",,S",,
"IN001080500","BEGUMPET OBSERVATORY, IN","17.45","78.47","527.0","2021-04-19","0.00",",,S","88","H,,S","99",",,S","75",",,S"
"IN001080500","BEGUMPET OBSERVATORY, IN","17.45","78.47","527.0","2021-04-20",,,"84","H,,S",,,,
"IN001080500","BEGUMPET OBSERVATORY, IN","17.45","78.47","527.0","2021-04-21",,,"89","H,,S","101",",,S","75",",,S"
"IN001080500","BEGUMPET OBSERVATORY, IN","17.45","78.47","527.0","2021-04-22",,,"85","H,,S","100",",,S",,
"IN001080500","BEGUMPET OBSERVATORY, IN","17.45","78.47","527.0","2021-04-23","0.00",",,S","85","H,,S","98",",,S",,
"IN001080500","BEGUMPET OBSERVATORY, IN","17.45","78.47","527.0","2021-04-24","0.16",",,S","89","H,,S","99",",,S","75",",,S"
"IN001080500","BEGUMPET OBSERVATORY, IN","17.45","78.47","527.0","2021-04-25","0.00",",,S","90","H,,S","99",",,S","77",",,S"
"IN001080500","BEGUMPET OBSERVATORY, IN","17.45","78.47","527.0","2021-04-26",,,"91","H,,S","100",",,S","80",",,S"
"IN001080500","BEGUMPET OBSERVATORY, IN","17.45","78.47","527.0","2021-04-27",,,"91","H,,S","102",",,S","77",",,S"
"IN001080500","BEGUMPET OBSERVATORY, IN","17.45","78.47","527.0","2021-04-28","0.00",",,S","91","H,,S","101",",,S","78",",,S"
"IN001080500","BEGUMPET OBSERVATORY, IN","17.45","78.47","527.0","2021-04-29",,,"91","H,,S","101",",,S","78",",,S"
"IN001080500","BEGUMPET OBSERVATORY, IN","17.45","78.47","527.0","2021-04-30",,,"90","H,,S","103",",,S","77",",,S"
"IN001080500","BEGUMPET OBSERVATORY, IN","17.45","78.47","527.0","2021-05-01","0.00",",,S","88","H,,S","102",",,S","79",",,S"
"IN001080500","BEGUMPET OBSERVATORY, IN","17.45","78.47","527.0","2021-05-02",,,"89","H,,S","96",",,S","78",",,S"
"IN001080500","BEGUMPET OBSERVATORY, IN","17.45","78.47","527.0","2021-05-03",,,"82","H,,S","97",",,S",,
"IN001080500","BEGUMPET OBSERVATORY, IN","17.45","78.47","527.0","2021-05-04",,,"85","H,,S","98",",,S","74",",,S"
"IN001080500","BEGUMPET OBSERVATORY, IN","17.45","78.47","527.0","2021-05-05",,,"82","H,,S",,,,
"IN001080500","BEGUMPET OBSERVATORY, IN","17.45","78.47","527.0","2021-05-06",,,"89","H,,S","100",",,S","75",",,S"
"IN001080500","BEGUMPET OBSERVATORY, IN","17.45","78.47","527.0","2021-05-07",,,"88","H,,S","100",",,S","77",",,S"
"IN001080500","BEGUMPET OBSERVATORY, IN","17.45","78.47","527.0","2021-05-08",,,"89","H,,S","99",",,S","80",",,S"
"IN001080500","BEGUMPET OBSERVATORY, IN","17.45","78.47","527.0","2021-05-09",,,"90","H,,S",,,"80",",,S"
"IN001080500","BEGUMPET OBSERVATORY, IN","17.45","78.47","527.0","2021-05-10",,,"90","H,,S","101",",,S","81",",,S"
"IN001080500","BEGUMPET OBSERVATORY, IN","17.45","78.47","527.0","2021-05-11",,,"90","H,,S",,,,
"IN001080500","BEGUMPET OBSERVATORY, IN","17.45","78.47","527.0","2021-05-12",,,"91","H,,S","102",",,S",,
"IN001080500","BEGUMPET OBSERVATORY, IN","17.45","78.47","527.0","2021-05-13","0.28",",,S","90","H,,S","103",",,S","74",",,S"
"IN001080500","BEGUMPET OBSERVATORY, IN","17.45","78.47","527.0","2021-05-14","0.00",",,S","86","H,,S","102",",,S",,
"IN001080500","BEGUMPET OBSERVATORY, IN","17.45","78.47","527.0","2021-05-15","0.04",",,S","85","H,,S","98",",,S","77",",,S"
"IN001080500","BEGUMPET OBSERVATORY, IN","17.45","78.47","527.0","2021-05-16","0.00",",,S","82","H,,S","94",",,S",,
"IN001080500","BEGUMPET OBSERVATORY, IN","17.45","78.47","527.0","2021-05-17","0.00",",,S","88","H,,S",,,,
"IN001080500","BEGUMPET OBSERVATORY, IN","17.45","78.47","527.0","2021-05-18","0.20",",,S","87","H,,S","98",",,S","73",",,S"
"IN001080500","BEGUMPET OBSERVATORY, IN","17.45","78.47","527.0","2021-05-19","0.00",",,S","89","H,,S",,,"72",",,S"
"IN001080500","BEGUMPET OBSERVATORY, IN","17.45","78.47","527.0","2021-05-20","0.51",",,S","86","H,,S","99",",,S","74",",,S"
"IN001080500","BEGUMPET OBSERVATORY, IN","17.45","78.47","527.0","2021-05-21","0.00",",,S","89","H,,S",,,"80",",,S"
"IN001080500","BEGUMPET OBSERVATORY, IN","17.45","78.47","527.0","2021-05-22",,,"89","H,,S",,,,
"IN001080500","BEGUMPET OBSERVATORY, IN","17.45","78.47","527.0","2021-05-23",,,"90","H,,S",,,,
"IN001080500","BEGUMPET OBSERVATORY, IN","17.45","78.47","527.0","2021-05-24","0.01",",,S","89","H,,S","103",",,S","78",",,S"
"IN001080500","BEGUMPET OBSERVATORY, IN","17.45","78.47","527.0","2021-05-25","0.00",",,S","92","H,,S",,,"81",",,S"
"IN001080500","BEGUMPET OBSERVATORY, IN","17.45","78.47","527.0","2021-05-26",,,"91","H,,S","103",",,S",,
"IN001080500","BEGUMPET OBSERVATORY, IN","17.45","78.47","527.0","2021-05-27",,,"87","H,,S","104",",,S","79",",,S"
"IN001080500","BEGUMPET OBSERVATORY, IN","17.45","78.47","527.0","2021-05-28","0.00",",,S","85","H,,S","100",",,S","77",",,S"
"IN001080500","BEGUMPET OBSERVATORY, IN","17.45","78.47","527.0","2021-05-29",,,"88","H,,S",,,,
"IN001080500","BEGUMPET OBSERVATORY, IN","17.45","78.47","527.0","2021-05-30",,,"89","H,,S","103",",,S",,
"IN001080500","BEGUMPET OBSERVATORY, IN","17.45","78.47","527.0","2021-05-31",,,"88","H,,S",,,"81",",,S"
"IN001080500","BEGUMPET OBSERVATORY, IN","17.45","78.47","527.0","2021-06-01",,,"86","H,,S","101",",,S","78",",,S"
"IN001080500","BEGUMPET OBSERVATORY, IN","17.45","78.47","527.0","2021-06-02","1.10",",,S","83","H,,S","99",",,S","72",",,S"
"IN001080500","BEGUMPET OBSERVATORY, IN","17.45","78.47","527.0","2021-06-03","0.04",",,S","80","H,,S","94",",,S","74",",,S"
"IN001080500","BEGUMPET OBSERVATORY, IN","17.45","78.47","527.0","2021-06-04","0.00",",,S","80","H,,S",,,,
"IN001080500","BEGUMPET OBSERVATORY, IN","17.45","78.47","527.0","2021-06-05","0.08",",,S","86","H,,S","93",",,S","75",",,S"
"IN001080500","BEGUMPET OBSERVATORY, IN","17.45","78.47","527.0","2021-06-06","0.51",",,S","84","H,,S","94",",,S","74",",,S"
"IN001080500","BEGUMPET OBSERVATORY, IN","17.45","78.47","527.0","2021-06-07","0.00",",,S","87","H,,S",,,"78",",,S"
"IN001080500","BEGUMPET OBSERVATORY, IN","17.45","78.47","527.0","2021-06-08","0.00",",,S","87","H,,S","96",",,S","77",",,S"
